# коды ошибок Bambu Lab, источник: github.com/pcider/telebambu
0300800A	0300-800A	A Filament pile-up was detected by the AI Print Monitoring. Please clean the filament from the waste chute.
03008003	0300-8003	Spaghetti defects were detected by the AI Print Monitoring. Please check the quality of the printed model before continuing your print.
07008010	0700-8010	The AMS assist motor is overloaded. This could be due to entangled filament or a stuck spool.
07018010	0701-8010	The AMS assist motor is overloaded. This could be due to entangled filament or a stuck spool.
07FF8010	07FF-8010	AMS assist motor is overloaded. Please check if the spool or filament is stuck. After troubleshooting, click the "Retry" button.
07028010	0702-8010	AMS assist motor is overloaded. Please check if the spool or filament is stuck. After troubleshooting, click the "Retry" button.
07038010	0703-8010	AMS assist motor is overloaded. Please check if the spool or filament is stuck. After troubleshooting, click the "Retry" button.
03004008	0300-4008	The AMS failed to change filament.
07008011	0700-8011	AMS filament ran out. Please insert a new filament into the same AMS slot.
07018011	0701-8011	AMS filament ran out. Please insert a new filament into the same AMS slot.
07028011	0702-8011	AMS filament ran out. Please insert a new filament into the same AMS slot.
07038011	0703-8011	AMS filament ran out. Please insert a new filament into the same AMS slot.
12008011	1200-8011	AMS filament ran out. Please insert a new filament into the same AMS slot.
05004016	0500-4016	The MicroSD Card is write-protected. Please replace the MicroSD Card.
0500402F	0500-402F	The Micro SD card sector data is damaged. Please use the SD card repair tool to repair or format it. If it still cannot be identified, please replace the Micro SD card.
0500C010	0500-C010	MicroSD Card read/write exception. please reinsert or replace MicroSD Card .
03004009	0300-4009	Homing XY axis failed.
03004000	0300-4000	Printing stopped because homing Z axis failed.
05004005	0500-4005	Print jobs are not allowed to be sent while updating firmware.
05004009	0500-4009	Print jobs are not allowed to be sent while updating logs.
05004002	0500-4002	Unsupported print file path or name. Please resend the printing job.
05014032	0501-4032	QR code binding is in progress, so device discovery binding cannot be performed. You can scan the QR code on the screen for binding or exit the QR code display page on screen and try device discovery binding.
05004014	0500-4014	Slicing for the print job failed. Please check your settings and restart the print job.
0500401F	0500-401F	Authorization timed out. Please make sure that your phone or PC has access to the internet, and ensure that the Bambu Studio/Bambu Handy APP is running in the foreground during the binding operation.
0501401F	0501-401F	Authorization timed out. Please make sure that your phone or PC has access to the internet, and ensure that the Bambu Studio/Bambu Handy APP is running in the foreground during the binding operation.
0500401D	0500-401D	Cloud access failed, which may be caused by network instability due to interference. You can try moving the printer closer to the router before you try again.
0501401D	0501-401D	Cloud access failed, which may be caused by network instability due to interference. You can try moving the printer closer to the router before you try again.
05004021	0500-4021	Cloud access failed, which may be caused by network instability due to interference. You can try moving the printer closer to the router before you try again.
05004027	0500-4027	Cloud access failed; this may be caused by network instability due to interference. You can try moving the printer closer to the router before you try again.
05014021	0501-4021	Cloud access failed, which may be caused by network instability due to interference. You can try moving the printer closer to the router before you try again.
05014027	0501-4027	Cloud access failed; this may be caused by network instability due to interference. You can try moving the printer closer to the router before you try again.
05004024	0500-4024	Cloud access failed. Possible reasons include network instability caused by interference, inability to access the internet, or router firewall configuration restrictions. You can try moving the printer closer to the router or checking the router configuration before you try again.
05014024	0501-4024	Cloud access failed. Possible reasons include network instability caused by interference, inability to access the internet, or router firewall configuration restrictions. You can try moving the printer closer to the router or checking the router configuration before you try again.
0500401A	0500-401A	Cloud access failed. Possible reasons include network instability caused by interference, inability to access the internet, or router firewall configuration restrictions. You can try moving the printer closer to the router or checking the router configuration and then try again.
0501401A	0501-401A	Cloud access failed. Possible reasons include network instability caused by interference, inability to access the internet, or router firewall configuration restrictions. You can try moving the printer closer to the router or checking the router configuration and then try again.
0500401C	0500-401C	Cloud access is rejected. If you have tried multiple times and are still failing, please contact customer service.
0501401C	0501-401C	Cloud access is rejected. If you have tried multiple times and are still failing, please contact customer service.
05004020	0500-4020	Cloud access rejected. If you have tried multiple times and are still failing, please contact customer service.
05004023	0500-4023	Cloud access rejected. If you have tried multiple times and are still failing, please contact customer service.
05004026	0500-4026	Cloud access rejected. If you have tried multiple times and are still failing, please contact customer service.
05004029	0500-4029	Cloud access is rejected. If you have tried multiple times and are still failing, please contact customer service.
05014020	0501-4020	Cloud access rejected. If you have tried multiple times and are still failing, please contact customer service.
05014023	0501-4023	Cloud access rejected. If you have tried multiple times and are still failing, please contact customer service.
05014026	0501-4026	Cloud access rejected. If you have tried multiple times and are still failing, please contact customer service.
05014029	0501-4029	Cloud access is rejected. If you have tried multiple times and are still failing, please contact customer service.
0500401B	0500-401B	Cloud response is invalid. If you have tried multiple times and are still failing, please contact customer service.
0500401E	0500-401E	Cloud response is invalid. If you have tried multiple times and are still failing, please contact customer service.
0501401B	0501-401B	Cloud response is invalid. If you have tried multiple times and are still failing, please contact customer service.
0501401E	0501-401E	Cloud response is invalid. If you have tried multiple times and are still failing, please contact customer service.
05004022	0500-4022	Cloud response is invalid. If you have tried multiple times and are still failing, please contact customer service.
05004025	0500-4025	Cloud response is invalid. If you have tried multiple times and are still failing, please contact customer service.
05004028	0500-4028	Cloud response is invalid. If you have tried multiple times and are still failing, please contact customer service.
05014022	0501-4022	Cloud response is invalid. If you have tried multiple times and are still failing, please contact customer service.
05014025	0501-4025	Cloud response is invalid. If you have tried multiple times and are still failing, please contact customer service.
05014028	0501-4028	Cloud response is invalid. If you have tried multiple times and are still failing, please contact customer service.
05004006	0500-4006	There is not enough free storage space for the print job. Restoring to factory settings can release available space.
0300400B	0300-400B	Internal communication exception.
0300800B	0300-800B	The cutter is stuck. Please make sure the cutter handle is out.
12008001	1200-8001	Cutting the filament failed. Please check to see if the cutter is stuck. Refer to the Assistant for solutions.
1001C001	1001-C001	Timelapse is not supported because Spiral vase is enabled in slicing presets.
1001C002	1001-C002	Timelapse is not supported because Print sequence is set to "By object".
05004038	0500-4038	The nozzle diameter in sliced file is not consistent with the current nozzle setting. This file can't be printed.
05008036	0500-8036	Your sliced file is not consistent with the current printer model. Continue?
05004037	0500-4037	Your sliced file is not compatible with current printer model. This file can't be printed on this printer.
05014034	0501-4034	The slicing progress has not been updated for a long time, and the printing task has exited. Please confirm the parameters and reinitiate printing.
05014038	0501-4038	The regional settings do not match the printer, please check the printer's regional settings.
05004008	0500-4008	Starting printing failed. please power cycle the printer and resend the print job.
03004006	0300-4006	The nozzle is clogged.
03008008	0300-8008	Printing Stopped because nozzle temperature problem.
03004005	0300-4005	The nozzle fan speed is abnormal.
07FF8012	07FF-8012	Failed to get AMS mapping table; please click "Retry" to continue.
12FF8012	12FF-8012	Failed to get AMS mapping table; please click the "Retry" button to continue.
07008012	0700-8012	Failed to get AMS mapping table; please click "Retry" to continue.
07018012	0701-8012	Failed to get AMS mapping table; please click "Retry" to continue.
07028012	0702-8012	Failed to get AMS mapping table; please click "Retry" to continue.
07038012	0703-8012	Failed to get AMS mapping table; please click "Retry" to continue.
12008012	1200-8012	Failed to get AMS mapping table. Please click the "Retry" button to continue.
12018012	1201-8012	Failed to get AMS mapping table; please click the "Retry" button to continue.
12028012	1202-8012	Failed to get AMS mapping table; please click the "Retry" button to continue.
12038012	1203-8012	Failed to get AMS mapping table; please click the "Retry" button to continue.
12018014	1201-8014	Failed to check the filament location in the tool head, please refer to the HMS. After troubleshooting, click the "Retry" button.
12028014	1202-8014	Failed to check the filament location in the tool head, please refer to the HMS. After troubleshooting, click the "Retry" button.
12038014	1203-8014	Failed to check the filament location in the tool head; please refer to the HMS. After troubleshooting, click the "Retry" button.
03008005	0300-8005	Toolhead front cover fell off. Please remount the front cover and check to make sure your print is going okay.
03004001	0300-4001	The printer timed out waiting for the nozzle to cool down before homing.
1000C003	1000-C003	Enabling traditional timelapse might lead to defects. Please enable it as needed?
0500403A	0500-403A	The current temperature is too low. In order to protect you and your printer. Printing task, moving axis and other operations is disabled. Please move the printer to an environment above 10 celsius degree.
05014033	0501-4033	Your APP region is not matched with your printer, please download the APP in the corresponding region and register your account again.
0300400C	0300-400C	Printing was cancelled.
0500400E	0500-400E	Printing was cancelled.
05004019	0500-4019	The printer has already been bound. Please unbind it and try again.
05014019	0501-4019	The printer has already been bound. Please unbind it and try again.
03008004	0300-8004	Filament ran out. Please load new filament.
03008015	0300-8015	The filament has run out, please load new filament in the "filament" page.
05004004	0500-4004	The printer can't receive new print jobs while printing. Resend after the current print finishes.
0300400A	0300-400A	Mechanical resonance frequency identification failed.
0500400B	0500-400B	There was a problem downloading a file. Please check you network connection and resend the printing job.
0500400A	0500-400A	The file name is not supported. Please rename and restart the printing job.
07FF8004	07FF-8004	Failed to pull back the filament from the toolhead to AMS. Please check whether the filament or the spool is stuck. After troubleshooting, click the "retry" button.
07028004	0702-8004	Failed to pull back the filament from the toolhead to AMS. Please check whether the filament or the spool is stuck. After troubleshooting, click the "Retry" button.
07038004	0703-8004	Failed to pull back the filament from the toolhead to AMS. Please check whether the filament or the spool is stuck. After troubleshooting, click the "Retry" button.
12FF8004	12FF-8004	Failed to pull back the filament from the toolhead. Please check whether the filament is stuck. After troubleshooting, click the "Retry" button.
12008004	1200-8004	Failed to pull back the filament from the toolhead. Please check whether the filament is stuck. After troubleshooting, click the "Retry" button.
12018004	1201-8004	Failed to pull back the filament from the toolhead. Please check whether the filament is stuck. After troubleshooting, click the "Retry" button.
12028004	1202-8004	Failed to pull back the filament from the toolhead. Please check whether the filament is stuck. After troubleshooting, click the "Retry" button.
12038004	1203-8004	Failed to pull back the filament from the toolhead. Please check whether the filament is stuck. After troubleshooting, click the "Retry" button.
12018015	1201-8015	Failed to pull back the filament from the toolhead. Please check if the filament is stuck or the filament is broken inside the extruder. After troubleshooting, click the "Retry" button.
12028015	1202-8015	Failed to pull back the filament from the toolhead. Please check if the filament is stuck or is broken inside the extruder. After troubleshooting, click the "Retry" button.
12038015	1203-8015	Failed to pull back the filament from the toolhead. Please check if the filament is stuck or is broken inside the extruder. After troubleshooting, click the "Retry" button.
07028007	0702-8007	Failed to extrude the filament. Please check if the extruder clogged. After troubleshooting, click the "Retry" button.
07038007	0703-8007	Failed to extrude the filament. Please check if the extruder clogged. After troubleshooting, click the "Retry" button.
07018007	0701-8007	Failed to extrude the filament. Please check if the extruder clogged. After troubleshooting, click the "Retry" button.
12018007	1201-8007	Failed to extrude the filament. The extruder may be clogged or the filament may be stuck, please refer to HMS. After troubleshooting, click "Retry" button.
12028007	1202-8007	Failed to extrude the filament. The extruder may be clogged or the filament may be stuck, please refer to HMS. After troubleshooting, click "Retry" button.
12038007	1203-8007	Failed to extrude the filament. The extruder may be clogged or the filament may be stuck, please refer to HMS. After troubleshooting, click "Retry" button.
12008003	1200-8003	Failed to pull out the filament from the extruder. Please check whether the extruder is clogged or whether the filament is broken inside the extruder. After troubleshooting, click the "Retry" button.
12018003	1201-8003	Failed to pull out the filament from the extruder. Please check whether the extruder is clogged or whether the filament is broken inside the extruder. After troubleshooting, click the "Retry" button.
12028003	1202-8003	Failed to pull out the filament from the extruder. Please check whether the extruder is clogged or whether the filament is broken inside the extruder. After troubleshooting, click the "Retry" button.
12038003	1203-8003	Failed to pull out the filament from the extruder. Please check whether the extruder is clogged or whether the filament is broken inside the extruder. After troubleshooting, click the "Retry" button.
07028003	0702-8003	Failed to pull out the filament from the extruder. Please check whether the extruder is clogged or whether the filament is broken inside the extruder. After troubleshooting, click the "Retry" button.
07038003	0703-8003	Failed to pull out the filament from the extruder. Please check whether the extruder is clogged or whether the filament is broken inside the extruder. After troubleshooting, click the "Retry" button.
07FF8005	07FF-8005	Failed to feed the filament outside the AMS. Please clip the end of the filament flat and check to see if the spool is stuck. After troubleshooting, click the "Retry" button.
07028005	0702-8005	Failed to feed the filament outside the AMS. Please clip the end of the filament flat and check to see if the spool is stuck. After troubleshooting, click the "Retry" button.
07038005	0703-8005	Failed to feed the filament outside the AMS. Please clip the end of the filament flat and check to see if the spool is stuck. After troubleshooting, click the "Retry" button.
07028006	0702-8006	Failed to feed the filament into the toolhead. Please check whether the filament or the spool is stuck. After troubleshooting, click the "Retry" button.
07038006	0703-8006	Failed to feed the filament into the toolhead. Please check whether the filament or the spool is stuck. After troubleshooting, click the "Retry" button.
12008006	1200-8006	Failed to feed the filament into the toolhead. Please check whether the filament is stuck. After troubleshooting, click the "Retry" button.
12018006	1201-8006	Failed to feed the filament into the toolhead. Please check whether the filament is stuck. After troubleshooting, click the "Retry" button.
12028006	1202-8006	Failed to feed the filament into the toolhead. Please check whether the filament is stuck. After troubleshooting, click the "Retry" button.
12038006	1203-8006	Failed to feed the filament into the toolhead. Please check whether the filament is stuck. After troubleshooting, click the "Retry" button.
0300400D	0300-400D	Resume failed after power loss.
12008014	1200-8014	The filament location in the toolhead was not found. Refer to the Assistant for solutions.
05004001	0500-4001	Failed to connect to Bambu Cloud. Please check your network connection.
0500402C	0500-402C	Failed to obtain IP address, which may be caused by wireless interference resulting in data transmission failure or DHCP address pool of the router being full. Please move the printer closer to the router and try again. If the issue persists, please check router settings to see whether the IP addresses have been exhausted.
0C008009	0C00-8009	Build plate localization marker was not found.
03008006	0300-8006	The build plate marker was not detected. Please confirm the build plate is correctly positioned on the heatbed with all four corners aligned, and the maker is clear.
03008000	0300-8000	Printing was paused for unknown reason. You can tap "Resume" to resume the print job.
07FF8011	07FF-8011	AMS filament ran out. Please put a new filament into AMS and click the "Retry" button.
12FF8011	12FF-8011	AMS filament has run out. Please insert a new filament into the AMS and click the "Retry" button.
12018011	1201-8011	AMS filament has run out. Please insert a new filament into the AMS and click the "Retry" button.
12028011	1202-8011	AMS filament has run out. Please insert a new filament into the AMS and click the "Retry" button.
12038011	1203-8011	AMS filament has run out. Please insert a new filament into the AMS and click the "Retry" button.
0300800C	0300-800C	Skipping step detected, auto-recover complete; please resume print and check if there are any layer shift problems.
12FF8013	12FF-8013	Timeout while purging old filament. Please check if the filament is stuck or the extruder clogged. After troubleshooting, click the "Retry" button.
12008013	1200-8013	Timeout while purging old filament. Please check if the filament is stuck or the extruder clogged. After troubleshooting, click the "Retry" button.
12018013	1201-8013	Timeout while purging old filament. Please check if the filament is stuck or the extruder clogged. After troubleshooting, click the "Retry" button.
12028013	1202-8013	Timeout while purging old filament. Please check if the filament is stuck or the extruder clogged. After troubleshooting, click the "Retry" button.
12038013	1203-8013	Timeout while purging old filament. Please check if the filament is stuck or the extruder clogged. After troubleshooting, click the "Retry" button.
07FF8013	07FF-8013	Timeout purging old filament: Please check if the filament is stuck or the extruder is clogged. After troubleshooting, click the "Retry" button.
07008013	0700-8013	Timeout purging old filament: Please check if the filament is stuck or the extruder is clogged. After troubleshooting, click the "Retry" button.
07018013	0701-8013	Timeout purging old filament: Please check if the filament is stuck or the extruder is clogged. After troubleshooting, click the "Retry" button.
07028013	0702-8013	Timeout purging old filament: Please check if the filament is stuck or the extruder is clogged. After troubleshooting, click the "Retry" button.
07038013	0703-8013	Timeout purging old filament: Please check if the filament is stuck or the extruder is clogged. After troubleshooting, click the "Retry" button.
07FF8002	07FF-8002	The cutter is stuck. Please pull out the cutter handle and click the "Retry" button.
12FF8002	12FF-8002	The cutter is stuck. Please pull out the cutter handle and click the "Retry" button.
07008002	0700-8002	The cutter is stuck. Please make sure the cutter handle is out.
07018002	0701-8002	The cutter is stuck. Please pull out the cutter handle and click the "Retry" button.
07028002	0702-8002	The cutter is stuck. Please pull out the cutter handle and click the "Retry" button.
07038002	0703-8002	The cutter is stuck. Please pull out the cutter handle and click the "Retry" button.
12008002	1200-8002	The cutter is stuck. Please pull out the cutter handle and click the "Retry" button.
12018002	1201-8002	The cutter is stuck. Please pull out the cutter handle and click the "Retry" button.
12028002	1202-8002	The cutter is stuck. Please pull out the cutter handle and click the "Retry" button.
12038002	1203-8002	The cutter is stuck. Please pull out the cutter handle and click the "Retry" button.
07FF8001	07FF-8001	Failed to cut the filament. Please check the cutter. After troubleshooting, click the "Retry" button.
12FF8001	12FF-8001	Failed to cut the filament. Please check the cutter. After troubleshooting, click the "Retry" button.
07008001	0700-8001	Failed to cut the filament. Please check the cutter. After troubleshooting, click the "Retry" button.
07018001	0701-8001	Failed to cut the filament. Please check the cutter. After troubleshooting, click the "Retry" button.
07028001	0702-8001	Failed to cut the filament. Please check the cutter. After troubleshooting, click the "Retry" button.
07038001	0703-8001	Failed to cut the filament. Please check the cutter. After troubleshooting, click the "Retry" button.
12018001	1201-8001	Failed to cut the filament. Please check the cutter. After troubleshooting, click the "Retry" button.
12028001	1202-8001	Failed to cut the filament. Please check the cutter. After troubleshooting, click the "Retry" button.
12038001	1203-8001	Failed to cut the filament. Please check the cutter. After troubleshooting, click the "Retry" button.
0C00C004	0C00-C004	Possible spaghetti failure was detected.
0C00C006	0C00-C006	Purged filament may have piled up in the waste chute.
0C008005	0C00-8005	Purged filament has piled up in the waste chute, which may cause a tool head collision.
0300800E	0300-800E	The print file is not available. Please check to see if the storage media has been removed.
05008013	0500-8013	The print file is not available. Please check to see if the storage media has been removed.
0C008002	0C00-8002	Spaghetti failure was detected.
12008016	1200-8016	The extruder is not extruding normally, please refer to the HMS. After trouble shooting. If the defects are acceptable, please click "Retry" button.
12018016	1201-8016	The extruder is not extruding normally, please refer to the HMS. After trouble shooting. If the defects are acceptable, please click "Retry" button.
12028016	1202-8016	The extruder is not extruding normally, please refer to the HMS. After trouble shooting. If the defects are acceptable, please click "Retry" button.
12038016	1203-8016	The extruder is not extruding normally, please refer to the HMS. After trouble shooting. If the defects are acceptable, please click "Retry" button.
03008016	0300-8016	The nozzle is clogged up with filaments. Please cancel this printing and clean the nozzle according to the actual status, or tap "Resume" button to resume the print job.
03008014	0300-8014	The nozzle is covered with filaments, or the build plate is installed incorrectly. Please cancel this printing and clean the nozzle or adjust the build plate according to the actual status, or tap "Resume" button to resume the print job.
03008007	0300-8007	There was an unfinished print job when the printer lost power. If the model is still adhered to the build plate, you can try resuming the print job.
0300800D	0300-800D	Some objects have fallen down, or the extruder is not extruding normally. If the defects are acceptable, click "Resume" button to resume the print job.
03008017	0300-8017	Foreign objects detected on hotbed, Please check and clean the hotbed, Then tap "Resume" button to resume the print job.
03008011	0300-8011	Detected build plate is not the same as the Gcode file. Please adjust slicer settings or use the correct plate.
0C00800A	0C00-800A	The detected build plate is not the same as in G-code.
12FF4001	12FF-4001	Filament is still loaded from the AMS when it has been disabled. Please unload AMS filament, load from spool holder, and restart print job.
07004001	0700-4001	The AMS has been disabled for a print, but it still has filament loaded. Please unload the AMS filament , and switch to the spool holder filament for printing.
07014001	0701-4001	Filament is still loaded from the AMS after it has been disabled. Please unload the filament, load from the spool holder, and restart printing.
07024001	0702-4001	Filament is still loaded from the AMS after it has been disabled. Please unload the filament, load from the spool holder, and restart printing.
07034001	0703-4001	Filament is still loaded from the AMS after it has been disabled. Please unload the filament, load from the spool holder, and restart printing.
12004001	1200-4001	Filament is still loaded from the AMS when it has been disabled. Please unload AMS filament, load from spool holder, and restart print job.
12014001	1201-4001	Filament is still loaded from the AMS when it has been disabled. Please unload AMS filament, load from spool holder, and restart print job.
12024001	1202-4001	Filament is still loaded from the AMS when it has been disabled. Please unload AMS filament, load from spool holder, and restart print job.
12034001	1203-4001	Filament is still loaded from the AMS when it has been disabled. Please unload AMS filament, load from spool holder, and restart print job.
07FF4001	07FF-4001	Filament is still loaded from the AMS after it has been disabled. Please unload the filament, load from the spool holder, and restart printing.
0300800F	0300-800F	The door seems to be open, so printing was paused.
0C00C003	0C00-C003	Possible defects were detected in the first layer.
0C008001	0C00-8001	First layer defects were detected. If the defects are acceptable, click "Resume" button to resume the print job.
03008019	0300-8019	No build plate is placed.
03008002	0300-8002	First layer defects were detected by the Micro Lidar. Please check the quality of the printed model before continuing your print.
1000C001	1000-C001	High bed temperature may lead to filament clogging in the nozzle. Please ensure ventilation for the printer.
03008009	0300-8009	Heatbed temperature malfunction.
03004002	0300-4002	Printing Stopped because Auto Bed Leveling failed.
03008010	0300-8010	Printing stopped because the hotend fan speed is abnormal.
1000C002	1000-C002	Printing CF material with stainless steel may cause nozzle damage.
03008001	0300-8001	Printing was paused by the user. You can tap "Resume" to resume the print job.
03008013	0300-8013	Printing was paused by the user. You can select "Resume" to continue printing.
0300400E	0300-400E	The motor self-check failed.
0500402E	0500-402E	The system does not support the file system currently used by the Micro SD card. Please replace the Micro SD card or format the current Micro SD card to FAT32.
0500402D	0500-402D	System exception.
05004017	0500-4017	Binding failed. Please retry or restart the printer and retry.
05014017	0501-4017	Binding failed. Please retry or restart the printer and retry.
05004018	0500-4018	Binding configuration information parsing failed, please try again.
05014018	0501-4018	Binding configuration information parsing failed, please try again.
07008004	0700-8004	AMS failed to pull back filament. This could be due to a stuck spool or the end of the filament being stuck in the path.
07018004	0701-8004	AMS failed to pull back filament. This could be due to a stuck spool or the end of the filament being stuck in the path.
12008010	1200-8010	Filament or spool may be stuck.
07008007	0700-8007	Extruding filament failed. The extruder might be clogged.
12008007	1200-8007	Failed to extrude the filament. This might be caused by clogged extruder or stuck filament. Refer to the Assistant for solutions.
07008005	0700-8005	The AMS failed to send out filament. You can clip the end of your filament flat, and reinsert. If this message persists, please check the PTFE tubes in AMS for any signs of wear and tear.
07018005	0701-8005	The AMS failed to send filament. You canclip the end of your filament flat, and reinsert. If this message persists, please check the PTFE tubes in AMS for any signs of wear and tear.
12008015	1200-8015	Failed to pull out the filament from the toolhead. Please check if the filament is stuck, or the filament is broken inside the extruder or PTFE tube.
07008003	0700-8003	Failed to pull out the filament from the extruder. This might be caused by clogged extruder or filament broken inside the extruder.
07018003	0701-8003	Failed to pull out the filament from the extruder. There may be an extruder clog or broken filament inside the extruder.
07008006	0700-8006	Unable to feed filament into the extruder. This could be due to entangled filament or a stuck spool. If not, please check if the AMS PTFE tube is connected.
07018006	0701-8006	Unable to feed filament into the extruder. This could be due to entangled filament or a stuck spool.
03008018	0300-8018	Chamber temperature malfunction.
05004003	0500-4003	Printing stopped because the printer was unable to parse the file. Please resend your print job.
05014031	0501-4031	Device discovery binding is in progress, and the QR code cannot be displayed on the screen. You can wait for the binding to finish or abort the device discovery binding process in the APP/Studio and retry scanning the QR code on the screen for binding.
05004015	0500-4015	There is not enough free storage space for the print job. Please format or clean MicroSD card to release available space.
05014035	0501-4035	The device is in the process of binding and cannot respond to new binding requests.
07FF8003	07FF-8003	Please pull out the filament on the spool holder. If this message persists, please check to see if there is filament broken in the extruder. (Connect PTFE tube if you are about to use AMS)
07FFC003	07FF-C003	Please pull out the filament on the spool holder. If this message persists, please check to see if there is filament broken in the extruder or PTFE Tube. (Connect PTFE tube if you are about to use AMS)
12FF8003	12FF-8003	Please pull out the filament on the spool holder. If this message persists, please check to see if there is filament broken in the extruder or PTFE Tube. (Connect PTFE tube if you are about to use AMS)
12FFC003	12FF-C003	Please pull out the filament on the spool holder. If this message persists, please check to see if there is filament broken in the extruder or PTFE Tube. (Connect PTFE tube if you are about to use AMS)
07FF8006	07FF-8006	Please feed filament into the PTFE tube until it can not be pushed any farther.
07FFC006	07FF-C006	Please feed filament into the PTFE tube until it can not be pushed any farther.
12FF8006	12FF-8006	Please feed filament into the PTFE tube until it can not be pushed any farther.
12FFC006	12FF-C006	Please feed filament into the PTFE tube until it can not be pushed any farther.
0500400C	0500-400C	Please insert a MicroSD card and restart the printing job.
12FF8005	12FF-8005	Failed to feed the filament. Please load the filament, then click the "Retry" button.
12008005	1200-8005	Failed to feed the filament. Please load the filament, then click the "Retry" button.
12018005	1201-8005	Failed to feed the filament. Please load the filament and then click the "Retry" button.
12028005	1202-8005	Failed to feed the filament. Please load the filament, then click the "Retry" button.
12038005	1203-8005	Failed to feed the filament. Please load the filament, then click the "Retry" button.
12018010	1201-8010	Please check if the spool or filament is stuck. After troubleshooting, click the "Retry" button.
12028010	1202-8010	Please check if the spool or filament is stuck. After troubleshooting, click the "Retry" button.
12038010	1203-8010	Please check if the spool or filament is stuck. After troubleshooting, click the "Retry" button.
12FF8010	12FF-8010	Please check if the filament or the spool is stuck.
07FF8007	07FF-8007	Please observe the nozzle. If the filament has been extruded, click "Done"; if it is not, please push the filament forward slightly and then click "Retry".
12FF8007	12FF-8007	Check nozzle. Click "Done" if filament was extruded, otherwise push filament forward slightly and click "Retry."
0500400D	0500-400D	Please run a self-test and restart the printing job.
0500402A	0500-402A	Failed to connect to the router, which may be caused by wireless interference or being too far away from the router. Please try again or move the printer closer to the router and try again.
0500402B	0500-402B	Router connection failed due to incorrect password. Please check the password and try again.
05004007	0500-4007	Print jobs are not allowed to be sent while force updating or when repair updating is required.
